Zip Code,Building type (service class, Consumption (therms) , Consumption (GJ) 
"10300
",Commercial,470,50
"10335
",Commercial,647,68
"10360
",Large residential,33762,3562
"11200
",Commercial,32125,3389
"11200
",Institutional,3605,380
"11200
",Small residential,3960,418
"11254
",Small residential,1896,200
"11274
",Commercial,8364,882
"11279
",Commercial,2579,272
"11279
",Large residential,301,32
"11303
",Commercial,13039,1376
"11303
",Small residential,3009,317
"11313
",Small residential,3488,368
"11314
",Small residential,6011,634
"11315
",Commercial,8520,899
"11315
",Institutional,339,36
"11315
",Large residential,335091,35354
"11315
",Small residential,4458,470
"11323
",Commercial,3637,384
"11332
",Commercial,3795,400
"11337
",Commercial,4928,520
"11343
",Small residential,2454,259
"11350
",Commercial,10048,1060
"11388
",Commercial,823,87
"11400
",Commercial,21866,2307
"11400
",Industrial,275,29
"11400
",Institutional,93140,9827
"11400
",Large residential,280,30
"11400
",Small residential,51072,5388
"11402
",Commercial,65,7
"11403
",Small residential,1127,119
"11438
",Institutional,1770,187
"11441
",Small residential,1126,119
"11446
",Small residential,604,64
"11450
",Commercial,455,48
"11468
",Institutional,49184,5189
"11468
",Small residential,1601,169
"11469
",Commercial,151,16
"11469
",Institutional,41819,4412
"11472
",Institutional,7869,830
"11473
",Institutional,40595,4283
"11473
",Small residential,7335,774
"11474
",Large residential,2223970,234641
"11475
",Institutional,8503,897
"11477
",Institutional,22660,2391
"11477
",Large residential,493904,52110
"11478
",Institutional,19018,2007
"11479
",Institutional,21169,2233
"11485
",Institutional,10790,1138
"11696
",Small residential,5218,551
"10007
(40.71363051943297, -74.00913138370635)",Residential,12845,1355
"10002
(40.71612146793143, -73.98583147024613)",Residential,550055,58034
"10012
(40.72553802086304, -73.99789641059084)",Residential,178497,18832
"10003
(40.73194394755518, -73.98887214913032)",Residential,260502,27484
"10001
(40.75025902143676, -73.99688630375988)",Residential,58338,6155
"10013
(40.721242188776046, -74.00888900022716)",Residential,228453,24103
"10005
(40.7061257920717, -74.00858468583453)",Residential,265,28
"10006
(40.70825614030866, -74.01355356964149)",Residential,2076,219
"10010
(40.73914078212147, -73.98289845639863)",Residential,61263,6464
"10009
(40.72664935898081, -73.97911148500697)",Residential,186224,19648
"10011
(40.74471526669623, -74.00460000028977)",Residential,192654,20326
"10075
(40.77293949176419, -73.95609016263086)",Large Residential,73358,7740
"11103
(40.76286893025696, -73.91327185810974)",Commercial,2788104,294161
"11105
(40.780092072491186, -73.90960650023976)",Residential,403403,42561
"11432
(40.71311535449007, -73.79282099978928)",Commercial,2979507,314355
"10031
(40.82495420507257, -73.9501244360938)",Commercial,1901756,200646
"10466
(40.89080973018497, -73.84600906306775)",Residential,6056272,638971
"10459
(40.82552621616202, -73.89313106784448)",Large Residential,62003,6542
"11413
(40.66971118122609, -73.75087393328533)",Institutional,394872,41661
"10451
(40.82069640711353, -73.92384136798472)",Large Residential,3433811,362286
"11434
(40.6769452621142, -73.77530690169215)",Large residential,38846378,4098510
"11209
(40.62338709723679, -74.03065295347096)",Small residential,9963344,1051189
"10464
(40.875709096797436, -73.81229725041771)",Residential,46873,4945
"11415
(40.708286075142325, -73.82855612156771)",Residential,1303,137
"10302
(40.63083331110846, -74.13773429869889)",Large residential,321677,33939
"11385
(40.70122489161548, -73.88334858436963)",Industrial,1048061,110576
"11201
(40.69467825879468, -73.98992086835335)",Industrial,3887016,410102
"11208
(40.67401318266229, -73.87206493005243)",Institutional,2265878,239063
"11212
(40.66279716995348, -73.91298489433734)",Large residential,25048890,2642798
"11001
(40.72139000494485, -73.70739692842545)",Commercial,375299,39596
"11230
(40.62192951023877, -73.96551106018723)",Institutional,3604096,380252
"10466
(40.89080973018497, -73.84600906306775)",Commercial,2343491,247251
"11239
(40.64949607998017, -73.8655249998788)",Small residential,187050,19735
"10075
(40.77293949176419, -73.95609016263086)",Commercial,1145955,120905
"10305
(40.596184688172855, -74.07507238488262)",Small residential,8586364,905909
"10464
(40.875709096797436, -73.81229725041771)",Commercial,75,8
"10458
(40.86260132868841, -73.88479001504714)",Large Residential,2881283,303991
"10040
(40.85809553188335, -73.92925548994884)",Commercial,1511169,159437
"10003
(40.73194394755518, -73.98887214913032)",Residential,3229606,340742
"10080
(40.71445199976006, -74.01547499997122)",Commercial,359,38
"11231
(40.6775543117821, -74.00467670436637)",Small residential,5330545,562402
"11377
(40.74519376448069, -73.9048471440804)",Large Residential,91130,9615
"11106
(40.761699790013324, -73.9316632529567)",Residential,1827237,192784
"11102
(40.77152402451418, -73.92643545073543)",Residential,311766,32893
"10027
(40.811549564460904, -73.95290033568193)",Large Residential,10352199,1092215
"11355
(40.7512997969481, -73.82147854789662)",Residential,503099,53080
"10465
(40.827628067581315, -73.82241314135337)",Commercial,3489361,368147
"10039
(40.82668192862815, -73.93777090780111)",Commercial,7605045,802375
"11361
(40.76418884813688, -73.77232552860022)",Commercial,2049571,216241
"10467
(40.8770479121315, -73.87153250082423)",Commercial,3067369,323625
"10034
(40.8706171092922, -73.9242232587963)",Commercial,1961050,206902
"10307
(40.508004527487, -74.24211428194849)",Small residential,3667832,386977
"10029
(40.79161072055837, -73.94403228106489)",Large Residential,10842289,1143922
"11001
(40.72139000494485, -73.70739692842545)",Commercial,79704,8409
"11415
(40.708286075142325, -73.82855612156771)",Commercial,462,49
"11429
(40.70991312049415, -73.73864031609764)",Residential,796,84
"11416
(40.68457809700163, -73.8496016684822)",Commercial,736110,77664
"11362
(40.759074216601846, -73.73430017711144)",Commercial,2594439,273728
"11102
(40.77152402451418, -73.92643545073543)",Commercial,3509357,370257
"11366
(40.72816440726166, -73.79226817393703)",Commercial,4025,425
"11207
(40.670802431187326, -73.89384115004901)",Institutional,3278246,345873
"11004
(40.74323783435864, -73.71201500019208)",Large Residential,3975637,419452
"11375
(40.720707263029794, -73.84628429608335)",Commercial,2724624,287463
"11220
(40.641184928741495, -74.01676472671073)",Commercial,5007824,528353
"11367
(40.730323085042414, -73.82610630716033)",Large Residential,1724999,181997
"11374
(40.72646491702238, -73.86148084756303)",Large residential,9176417,968163
"11222
(40.72825312178418, -73.94715978319738)",Institutional,2368948,249937
"10012
(40.72553802086304, -73.99789641059084)",Commercial,3676344,387875
"11418
(40.69637041236467, -73.84031024991805)",Commercial,1462567,154309
"10009
(40.72664935898081, -73.97911148500697)",Large Residential,44314,4675
"10006
(40.70825614030866, -74.01355356964149)",Commercial,1361410,143636
"11413
(40.66971118122609, -73.75087393328533)",Industrial,387601,40894
"10474
(40.810882923108466, -73.88235636235618)",Residential,558002,58872
"10308
(40.552935295427574, -74.15130275981448)",Large residential,77333,8159
"10452
(40.83772426336412, -73.9233322114124)",Commercial,1823135,192351
"11356
(40.7849280967543, -73.84181070040347)",Commercial,2433066,256702
"10021
(40.76920532766377, -73.959183941086)",Commercial,5344734,563899
"11238
(40.67886241346963, -73.9638204696389)",Commercial,2045915,215855
"11419
(40.68871379040917, -73.82288833053201)",Large residential,221654,23386
"10029
(40.79161072055837, -73.94403228106489)",Residential,1856481,195869
"10474
(40.810882923108466, -73.88235636235618)",Residential,114041,12032
"10040
(40.85809553188335, -73.92925548994884)",Commercial,717611,75712
"11105
(40.780092072491186, -73.90960650023976)",Commercial,3603071,380144
"10038
(40.70935929189784, -74.00307186237649)",Large Residential,217207,22917
"10014
(40.73358645135369, -74.01019960472792)",Residential,3950218,416770
"11365
(40.73987184371066, -73.79462153515567)",Commercial,963,102
"10024
(40.78362556816552, -73.96653900057436)",Commercial,926,98
"11368
(40.749678220373596, -73.85304068857687)",Small residential,11110386,1172208
"11040
(40.74529996182383, -73.6796319322678)",Commercial,1051227,110910
"11215
(40.665557251366124, -73.97968153557434)",Commercial,5232962,552107
"11357
(40.78628404147537, -73.81123206101074)",Small residential,589,62
"11378
(40.72145310497689, -73.90854350068196)",Commercial,3345377,352956
"11432
(40.71311535449007, -73.79282099978928)",Residential,77137,8138
"10030
(40.81843517604261, -73.94276530357587)",Residential,159864,16867
"11206
(40.70191201682616, -73.94237919854112)",Commercial,3420403,360872
"11218
(40.64322700851966, -73.9764486221062)",Small residential,9322895,983618
"10075
(40.77293949176419, -73.95609016263086)",Residential,110074,11613
"11372
(40.75163073936716, -73.88361254528269)",Large residential,14227014,1501030
"11105
(40.780092072491186, -73.90960650023976)",Commercial,2763314,291545
"11421
(40.69176458756573, -73.85702228584978)",Small residential,7298987,770084
"10128
(40.781770000585084, -73.95062814906976)",Commercial,8661160,913801
"11413
(40.66971118122609, -73.75087393328533)",Commercial,639059,67424
"11367
(40.730323085042414, -73.82610630716033)",Commercial,970445,102387
"11426
(40.73704138495202, -73.72415699894628)",Commercial,1380,146
"10025
(40.79685012763133, -73.96372581059762)",Residential,3408769,359644
"10010
(40.73914078212147, -73.98289845639863)",Residential,1026844,108338
"10018
(40.756840774582145, -73.99669149981281)",Commercial,3808435,401811
"11364
(40.745924680379744, -73.75790275560763)",Residential,269069,28388
"10069
(40.77825400032191, -73.98854199991331)",Commercial,791481,83506
"11412
(40.69812711747255, -73.75923519834566)",Industrial,164379,17343
"10306
(40.56602048965391, -74.11994566905736)",Industrial,3660,386
"10034
(40.8706171092922, -73.9242232587963)",Residential,226754,23924
"10012
(40.72553802086304, -73.99789641059084)",Commercial,6584,695
"10468
(40.869693003729196, -73.89892699248668)",Commercial,7690,811
"10472
(40.829730432513486, -73.87013213139272)",Commercial,1887751,199168
"11427
(40.72931057432362, -73.75067602128132)",Small residential,2286768,241267
"11211
(40.711589765255496, -73.95817675075642)",Commercial,4822516,508802
"10467
(40.8770479121315, -73.87153250082423)",Residential,2670008,281701
"11237
(40.704095739826585, -73.92099423399668)",Large residential,4718001,497776
"11209
(40.62338709723679, -74.03065295347096)",Commercial,2452630,258766
"11207
(40.670802431187326, -73.89384115004901)",Large residential,18203649,1920587
"11203
(40.649721601170995, -73.93427608567276)",Small residential,13346866,1408169
"10004
(40.688827825343935, -74.01911250583743)",Commercial,1326154,139917
"10023
(40.774536138232236, -73.97994335610099)",Commercial,10588895,1117188
"10474
(40.810882923108466, -73.88235636235618)",Commercial,2094768,221010
"10026
(40.80305812163505, -73.95334277604826)",Commercial,5647551,595848
"10473
(40.81773147093071, -73.86053700008245)",Residential,3609517,380824
"10461
(40.846960590359004, -73.840632836736)",Residential,4848889,511585
"11357
(40.78628404147537, -73.81123206101074)",Commercial,2399589,253170
"10022
(40.758630224005685, -73.96809182217982)",Commercial,2849019,300587
"11357
(40.78628404147537, -73.81123206101074)",Residential,324086,34193
"10027
(40.811549564460904, -73.95290033568193)",Residential,331029,34925
"10024
(40.78362556816552, -73.96653900057436)",Residential,403600,42582
"10019
(40.76761164715987, -73.99180550022362)",Commercial,12204102,1287601
"11415
(40.708286075142325, -73.82855612156771)",Commercial,887,94
"10458
(40.86260132868841, -73.88479001504714)",Commercial,4109461,433571
"11435
(40.70119264912154, -73.80979665579099)",Commercial,2935798,309743
"11377
(40.74519376448069, -73.9048471440804)",Large residential,9466158,998733
"11427
(40.72931057432362, -73.75067602128132)",Commercial,661448,69786
"11004
(40.74323783435864, -73.71201500019208)",Commercial,280325,29576
"11434
(40.6769452621142, -73.77530690169215)",Institutional,2215716,233770
"10032
(40.83693034905639, -73.94917852197119)",Large Residential,10872811,1147142
"11224
(40.576304656334855, -73.99953200040147)",Industrial,101615,10721
"11364
(40.745924680379744, -73.75790275560763)",Commercial,768785,81111
"11415
(40.708286075142325, -73.82855612156771)",Institutional,580482,61244
"10038
(40.70935929189784, -74.00307186237649)",Commercial,4135128,436279
"11422
(40.66161349396765, -73.736051726406)",Commercial,295,31
"11370
(40.75935377085989, -73.89184400040028)",Institutional,1231730,129954
"10470
(40.90012797192844, -73.8712277502604)",Commercial,878692,92707
"10452
(40.83772426336412, -73.9233322114124)",Residential,986430,104074
"11355
(40.7512997969481, -73.82147854789662)",Commercial,4323496,456153
"11231
(40.6775543117821, -74.00467670436637)",Large residential,8892620,938221
"11201
(40.69467825879468, -73.98992086835335)",Commercial,13571483,1431867
"11426
(40.73704138495202, -73.72415699894628)",Residential,2508430,264653
"11239
(40.64949607998017, -73.8655249998788)",Large residential,33558083,3540566
"10459
(40.82552621616202, -73.89313106784448)",Residential,317074,33453
"11436
(40.67571820912809, -73.79646501494847)",Commercial,275889,29108
"10285
(40.711871000346434, -74.01440299999842)",Commercial,41397,4368
"11214
(40.604011809897145, -74.0009690001192)",Large residential,7906290,834158
"11370
(40.75935377085989, -73.89184400040028)",Small residential,5080675,536040
"11428
(40.721396964798146, -73.74193729726841)",Residential,69640,7347
"10020
(40.7594985131459, -73.98007439721562)",Large Residential,271824,28679
"11103
(40.76286893025696, -73.91327185810974)",Residential,454090,47909
"10459
(40.82552621616202, -73.89313106784448)",Commercial,1859762,196215
"11427
(40.72931057432362, -73.75067602128132)",Large Residential,1587862,167528
"10065
(40.76430121303059, -73.96303993544461)",Commercial,2130613,224792
"11434
(40.6769452621142, -73.77530690169215)",Industrial,284067,29971
"11421
(40.69176458756573, -73.85702228584978)",Institutional,154578,16309
"11413
(40.66971118122609, -73.75087393328533)",Small residential,10114455,1067132
"10014
(40.73358645135369, -74.01019960472792)",Residential,213234,22497
"10001
(40.75025902143676, -73.99688630375988)",Residential,1476126,155740
"11370
(40.75935377085989, -73.89184400040028)",Industrial,37449,3951
"11226
(40.64650500230408, -73.9571900991437)",Large residential,19482081,2055469
"11433
(40.698104881734935, -73.7875740339145)",Large residential,5080122,535981
"10451
(40.82069640711353, -73.92384136798472)",Commercial,8071587,851598
"10314
(40.59649030298516, -74.16599111879503)",Large residential,2046659,215934
"11433
(40.698104881734935, -73.7875740339145)",Commercial,26725,2820
"11205
(40.693882095282504, -73.96433450773128)",Institutional,566498,59769
"11697
(40.55962437096798, -73.91006299970763)",Commercial,95842,10112
"10016
(40.745242969987146, -73.97823298586354)",Commercial,7176247,757134
"10033
(40.85621992920642, -73.94585900019268)",Commercial,1599674,168775
"11354
(40.76862022064671, -73.82719028070687)",Residential,299334,31581
"10013
(40.721242188776046, -74.00888900022716)",Residential,4372985,461374
"11411
(40.694293339066405, -73.73568329125084)",Industrial,4193,442
"11429
(40.70991312049415, -73.73864031609764)",Small residential,5893890,621838
"11201
(40.69467825879468, -73.98992086835335)",Institutional,4499131,474684
"10312
(40.54295597733653, -74.18037681723627)",Large residential,3034,320
"10025
(40.79685012763133, -73.96372581059762)",Residential,507504,53545
"10017
(40.75245652744684, -73.97297648087982)",Commercial,2506308,264430
"11373
(40.73871040256307, -73.87835115518163)",Institutional,2030783,214259
"10012
(40.72553802086304, -73.99789641059084)",Residential,2706972,285601
"11368
(40.749678220373596, -73.85304068857687)",Commercial,4130867,435830
"10028
(40.776344978837756, -73.95296667956859)",Commercial,4496346,474390
"10459
(40.82552621616202, -73.89313106784448)",Residential,2246422,237010
"11367
(40.730323085042414, -73.82610630716033)",Commercial,6820750,719627
"11419
(40.68871379040917, -73.82288833053201)",Institutional,150090,15835
"10031
(40.82495420507257, -73.9501244360938)",Residential,607749,64121
"10304
(40.59122944258473, -74.1113280000871)",Industrial,272952,28798
"10306
(40.56602048965391, -74.11994566905736)",Institutional,434767,45870
"10462
(40.84225833665295, -73.85799663293824)",Commercial,2619354,276356
"10039
(40.82668192862815, -73.93777090780111)",Residential,81485,8597
"11224
(40.576304656334855, -73.99953200040147)",Large residential,36143134,3813303
"10453
(40.852786838341956, -73.91342678431863)",Commercial,1766420,186367
"10025
(40.79685012763133, -73.96372581059762)",Commercial,2954498,311716
"10470
(40.90012797192844, -73.8712277502604)",Residential,1431048,150984
"11385
(40.70122489161548, -73.88334858436963)",Small residential,15255284,1609518
"10006
(40.70825614030866, -74.01355356964149)",Residential,15601,1646
"11220
(40.641184928741495, -74.01676472671073)",Institutional,625816,66027
"10303
(40.633032309993155, -74.16834884981955)",Industrial,27422,2893
"11693
(40.6183036047276, -73.82495531523557)",Large residential,2505401,264334
"11372
(40.75163073936716, -73.88361254528269)",Institutional,367432,38766
"10024
(40.78362556816552, -73.96653900057436)",Large Residential,215638,22751
"11695
(40.59760800020911, -73.820967000027)",Commercial,29091,3069
"10469
(40.86818180274804, -73.84656868779467)",Residential,623043,65734
"11222
(40.72825312178418, -73.94715978319738)",Small residential,4373864,461467
"10302
(40.63083331110846, -74.13773429869889)",Commercial,1185147,125040
"11370
(40.75935377085989, -73.89184400040028)",Residential,1414,149
"11428
(40.721396964798146, -73.74193729726841)",Residential,6282,663
"11429
(40.70991312049415, -73.73864031609764)",Commercial,755,80
"10069
(40.77825400032191, -73.98854199991331)",Commercial,2123051,223994
"10030
(40.81843517604261, -73.94276530357587)",Commercial,4456113,470145
"11375
(40.720707263029794, -73.84628429608335)",Industrial,483373,50999
"10010
(40.73914078212147, -73.98289845639863)",Commercial,3814933,402497
"10001
(40.75025902143676, -73.99688630375988)",Commercial,7191956,758792
"11358
(40.760350968822195, -73.79632645819947)",Commercial,2055,217
"10037
(40.81329776108288, -73.93728252556804)",Residential,33817,3568
"10007
(40.71363051943297, -74.00913138370635)",Commercial,1220273,128746
"10128
(40.781770000585084, -73.95062814906976)",Large Residential,220365,23250
"11216
(40.680758670876, -73.94926775090596)",Large residential,6405467,675813
"10034
(40.8706171092922, -73.9242232587963)",Large Residential,281557,29706
"11214
(40.604011809897145, -74.0009690001192)",Institutional,855968,90309
"10038
(40.70935929189784, -74.00307186237649)",Commercial,1452146,153210
"10007
(40.71363051943297, -74.00913138370635)",Large Residential,12021,1268
"11414
(40.65817022817356, -73.84496263981396)",Industrial,4334,457
"11361
(40.76418884813688, -73.77232552860022)",Residential,290730,30674
"10022
(40.758630224005685, -73.96809182217982)",Residential,122395,12913
"11428
(40.721396964798146, -73.74193729726841)",Large residential,172865,18238
"11215
(40.665557251366124, -73.97968153557434)",Large residential,6712652,708222
"10017
(40.75245652744684, -73.97297648087982)",Commercial,3708661,391284
"10036
(40.75934682719435, -73.989860554421)",Commercial,10571859,1115390
"11375
(40.720707263029794, -73.84628429608335)",Small residential,7403805,781143
"11417
(40.6763637308016, -73.84454275534387)",Large residential,287216,30303
"10310
(40.632789000212256, -74.11645860538027)",Institutional,256154,27026
"11373
(40.73871040256307, -73.87835115518163)",Residential,5089,537
"11242
(40.69315000037227, -73.99102900038804)",Commercial,147434,15555
"11369
(40.76341327370369, -73.8723788986672)",Small residential,5658707,597025
"11360
(40.78070133439911, -73.78226733686807)",Residential,2617396,276150
"10009
(40.72664935898081, -73.97911148500697)",Commercial,2008255,211882
"11373
(40.73871040256307, -73.87835115518163)",Large residential,9562956,1008945
"10454
(40.805846930091775, -73.91628504651766)",Commercial,9709459,1024402
"10453
(40.852786838341956, -73.91342678431863)",Commercial,7851638,828392
"10040
(40.85809553188335, -73.92925548994884)",Residential,445116,46962
"10455
(40.813535754971156, -73.9053552520432)",Commercial,4937392,520923
"10030
(40.81843517604261, -73.94276530357587)",Commercial,879734,92817
"11106
(40.761699790013324, -73.9316632529567)",Commercial,2708112,285721
"11358
(40.760350968822195, -73.79632645819947)",Residential,405678,42801
"11218
(40.64322700851966, -73.9764486221062)",Institutional,342884,36176
"10018
(40.756840774582145, -73.99669149981281)",Residential,476865,50312
"10037
(40.81329776108288, -73.93728252556804)",Commercial,590552,62307
"11427
(40.72931057432362, -73.75067602128132)",Residential,1373653,144928
"10471
(40.90199442310421, -73.9036265005625)",Commercial,2240882,236426
"11210
(40.62772226387142, -73.946537919989)",Small residential,11755834,1240306
"10128
(40.781770000585084, -73.95062814906976)",Residential,2367827,249819
"11233
(40.67813043816926, -73.91977647550391)",Industrial,88898,9379
"11204
(40.619055848049015, -73.98479859887618)",Large residential,4614998,486908
"11373
(40.73871040256307, -73.87835115518163)",Industrial,159820,16862
"11422
(40.66161349396765, -73.736051726406)",Commercial,519522,54812
"10018
(40.756840774582145, -73.99669149981281)",Large Residential,526802,55581
"11225
(40.66317005855143, -73.95370110911887)",Commercial,1296975,136838
"11210
(40.62772226387142, -73.946537919989)",Commercial,1224750,129218
"11228
(40.61654071408276, -74.0132778473947)",Large residential,761559,80349
"10309
(40.530393118347774, -74.21893861432557)",Industrial,1230604,129836
"11236
(40.64002149379695, -73.90112193992553)",Commercial,3108542,327969
"10003
(40.73194394755518, -73.98887214913032)",Large Residential,495206,52247
"10474
(40.810882923108466, -73.88235636235618)",Large Residential,3339390,352324
"11214
(40.604011809897145, -74.0009690001192)",Commercial,3050502,321845
"10036
(40.75934682719435, -73.989860554421)",Residential,73600,7765
"11374
(40.72646491702238, -73.86148084756303)",Industrial,3834,405
"10039
(40.82668192862815, -73.93777090780111)",Commercial,430554,45426
"10011
(40.74471526669623, -74.00460000028977)",Commercial,4672054,492928
"11354
(40.76862022064671, -73.82719028070687)",Commercial,7628542,804854
"11225
(40.66317005855143, -73.95370110911887)",Small residential,4686218,494422
"10456
(40.8304366800088, -73.9077651995043)",Residential,600008,63304
"11217
(40.68231210132245, -73.97956718857483)",Large residential,7818509,824896
"10309
(40.530393118347774, -74.21893861432557)",Commercial,1195656,126148
"10013
(40.721242188776046, -74.00888900022716)",Commercial,6067132,640116
"10312
(40.54295597733653, -74.18037681723627)",Small residential,16356892,1725744
"11230
(40.62192951023877, -73.96551106018723)",Small residential,11665262,1230750
"11204
(40.619055848049015, -73.98479859887618)",Commercial,1607460,169596
"11040
(40.74529996182383, -73.6796319322678)",Commercial,42315,4464
"10007
(40.71363051943297, -74.00913138370635)",Commercial,981522,103556
"11226
(40.64650500230408, -73.9571900991437)",Commercial,2807970,296257
"11432
(40.71311535449007, -73.79282099978928)",Large Residential,2212791,233462
"10020
(40.7594985131459, -73.98007439721562)",Commercial,263276,27777
"11236
(40.64002149379695, -73.90112193992553)",Industrial,805099,84942
"10031
(40.82495420507257, -73.9501244360938)",Large Residential,1034833,109181
"11364
(40.745924680379744, -73.75790275560763)",Residential,4453633,469883
"10457
(40.84579837129786, -73.89832418681175)",Commercial,3139507,331236
"10461
(40.846960590359004, -73.840632836736)",Commercial,3065943,323474
"10019
(40.76761164715987, -73.99180550022362)",Residential,1511255,159446
"11102
(40.77152402451418, -73.92643545073543)",Residential,1941012,204788
"10028
(40.776344978837756, -73.95296667956859)",Commercial,2078,219
"10003
(40.73194394755518, -73.98887214913032)",Commercial,8855716,934328
"11365
(40.73987184371066, -73.79462153515567)",Large residential,4277,451
"11428
(40.721396964798146, -73.74193729726841)",Small residential,3960945,417902
"11371
(40.775567374634704, -73.87086549974299)",Commercial,1381802,145788
"11228
(40.61654071408276, -74.0132778473947)",Industrial,543497,57342
"11233
(40.67813043816926, -73.91977647550391)",Commercial,1223131,129047
"10026
(40.80305812163505, -73.95334277604826)",Commercial,1153347,121685
"11691
(40.600614338480966, -73.76256777468302)",Commercial,7506142,791940
"11235
(40.57841410882412, -73.94026000009887)",Commercial,3818158,402837
"10045
(40.70786499996984, -74.00814400004555)",Commercial,16246,1714
"10473
(40.81773147093071, -73.86053700008245)",Large Residential,13657,1441
"11354
(40.76862022064671, -73.82719028070687)",Commercial,7429045,783806
"10040
(40.85809553188335, -73.92925548994884)",Residential,515640,54403
"11377
(40.74519376448069, -73.9048471440804)",Small residential,7978253,841750
"11411
(40.694293339066405, -73.73568329125084)",Small residential,5417452,571572
"11235
(40.57841410882412, -73.94026000009887)",Industrial,44596,4705
"10305
(40.596184688172855, -74.07507238488262)",Large residential,1136630,119921
"10452
(40.83772426336412, -73.9233322114124)",Commercial,8504273,897248
"11241
(40.69328899958771, -73.99062699983614)",Small residential,947,100
"11230
(40.62192951023877, -73.96551106018723)",Large residential,12513612,1320256
"11208
(40.67401318266229, -73.87206493005243)",Large residential,17908171,1889412
"10030
(40.81843517604261, -73.94276530357587)",Residential,2016283,212729
"11229
(40.60123350732056, -73.94436854117521)",Large residential,13147358,1387120
"11104
(40.74489336663561, -73.92054134530679)",Commercial,1377109,145293
"10460
(40.84309034804119, -73.87860282506028)",Commercial,7936792,837376
"11695
(40.59760800020911, -73.820967000027)",Small residential,6691,706
"11243
(40.685030000034544, -73.97807500016108)",Commercial,558,59
"10461
(40.846960590359004, -73.840632836736)",Residential,587242,61957
"11229
(40.60123350732056, -73.94436854117521)",Institutional,447194,47181
"11213
(40.67122516920625, -73.93644336636822)",Institutional,889348,93831
"10467
(40.8770479121315, -73.87153250082423)",Large Residential,4811979,507691
"11413
(40.66971118122609, -73.75087393328533)",Large residential,112283,11846
"11225
(40.66317005855143, -73.95370110911887)",Large residential,12401180,1308394
"10019
(40.76761164715987, -73.99180550022362)",Large Residential,1239760,130802
"11416
(40.68457809700163, -73.8496016684822)",Large residential,138988,14664
"11212
(40.66279716995348, -73.91298489433734)",Small residential,7377894,778409
"10460
(40.84309034804119, -73.87860282506028)",Residential,469613,49547
"11423
(40.71722229567246, -73.7671414999802)",Commercial,660047,69639
"11218
(40.64322700851966, -73.9764486221062)",Commercial,2009772,212042
"10002
(40.71612146793143, -73.98583147024613)",Large Residential,115301,12165
"10004
(40.688827825343935, -74.01911250583743)",Large Residential,5877,620
"11366
(40.72816440726166, -73.79226817393703)",Residential,2205608,232704
"11218
(40.64322700851966, -73.9764486221062)",Industrial,441018,46530
"10029
(40.79161072055837, -73.94403228106489)",Commercial,2344076,247313
"11417
(40.6763637308016, -73.84454275534387)",Small residential,6605848,696954
"10467
(40.8770479121315, -73.87153250082423)",Commercial,14662,1547
"10065
(40.76430121303059, -73.96303993544461)",Residential,1795744,189461
"11211
(40.711589765255496, -73.95817675075642)",Small residential,9211590,971874
"10004
(40.688827825343935, -74.01911250583743)",Residential,54549,5755
"11374
(40.72646491702238, -73.86148084756303)",Small residential,3149947,332337
"10023
(40.774536138232236, -73.97994335610099)",Large Residential,394079,41578
"10075
(40.77293949176419, -73.95609016263086)",Residential,1035531,109254
"10009
(40.72664935898081, -73.97911148500697)",Commercial,8554651,902564
"11693
(40.6183036047276, -73.82495531523557)",Small residential,948328,100054
"11220
(40.641184928741495, -74.01676472671073)",Industrial,2234971,235802
"11364
(40.745924680379744, -73.75790275560763)",Commercial,3008945,317461
"11428
(40.721396964798146, -73.74193729726841)",Commercial,65563,6917
"10457
(40.84579837129786, -73.89832418681175)",Large Residential,182574,19263
"11221
(40.69128803951145, -73.92761792792498)",Institutional,1174968,123966
"11412
(40.69812711747255, -73.75923519834566)",Commercial,522819,55160
"11436
(40.67571820912809, -73.79646501494847)",Small residential,4012282,423318
"10304
(40.59122944258473, -74.1113280000871)",Institutional,606346,63973
"10464
(40.875709096797436, -73.81229725041771)",Commercial,602169,63532
"10040
(40.85809553188335, -73.92925548994884)",Large Residential,186062,19631
"10468
(40.869693003729196, -73.89892699248668)",Residential,907812,95779
"11377
(40.74519376448069, -73.9048471440804)",Commercial,358163,37788
"10303
(40.633032309993155, -74.16834884981955)",Institutional,163704,17272
"11105
(40.780092072491186, -73.90960650023976)",Large Residential,23820,2513
"11369
(40.76341327370369, -73.8723788986672)",Institutional,168544,17782
"10469
(40.86818180274804, -73.84656868779467)",Commercial,2237093,236026
"11694
(40.57657830564432, -73.85077700055808)",Commercial,2058660,217200
"10472
(40.829730432513486, -73.87013213139272)",Residential,2650312,279623
"10458
(40.86260132868841, -73.88479001504714)",Commercial,2860723,301822
"11428
(40.721396964798146, -73.74193729726841)",Institutional,196563,20738
"10025
(40.79685012763133, -73.96372581059762)",Commercial,8752223,923409
"10011
(40.74471526669623, -74.00460000028977)",Large Residential,400282,42232
"11427
(40.72931057432362, -73.75067602128132)",Large residential,2347279,247651
"11368
(40.749678220373596, -73.85304068857687)",Large residential,6347326,669678
"11694
(40.57657830564432, -73.85077700055808)",Large residential,1573127,165974
"11422
(40.66161349396765, -73.736051726406)",Small residential,7114276,750596
"10034
(40.8706171092922, -73.9242232587963)",Residential,473019,49906
"11377
(40.74519376448069, -73.9048471440804)",Institutional,811937,85664
"10033
(40.85621992920642, -73.94585900019268)",Commercial,3904,412
"11203
(40.649721601170995, -73.93427608567276)",Industrial,268262,28303
"11432
(40.71311535449007, -73.79282099978928)",Institutional,1307797,137980
"11203
(40.649721601170995, -73.93427608567276)",Commercial,2692298,284053
"10307
(40.508004527487, -74.24211428194849)",Industrial,1870,197
"11363
(40.772398418252465, -73.74679788741253)",Residential,54273,5726
"11238
(40.67886241346963, -73.9638204696389)",Institutional,1006041,106143
"10455
(40.813535754971156, -73.9053552520432)",Commercial,1642415,173284
"11370
(40.75935377085989, -73.89184400040028)",Large residential,1074379,113353
"11428
(40.721396964798146, -73.74193729726841)",Commercial,596996,62986
"10463
(40.88187196282087, -73.91120748054078)",Large Residential,219710,23181
"11418
(40.69637041236467, -73.84031024991805)",Industrial,1146988,121014
"10452
(40.83772426336412, -73.9233322114124)",Residential,786394,82969
"10006
(40.70825614030866, -74.01355356964149)",Commercial,235511,24848
"10027
(40.811549564460904, -73.95290033568193)",Commercial,11932340,1258929
"11362
(40.759074216601846, -73.73430017711144)",Large Residential,36526,3854
"11420
(40.67334524268887, -73.81770717164864)",Institutional,2004714,211509
"11221
(40.69128803951145, -73.92761792792498)",Industrial,50866,5367
"11219
(40.63277295540763, -73.99667681118586)",Institutional,1076397,113566
"11367
(40.730323085042414, -73.82610630716033)",Small residential,1753,185
"10470
(40.90012797192844, -73.8712277502604)",Residential,236066,24906
"11232
(40.65451161701759, -74.00003392912248)",Industrial,13048581,1376698
"11412
(40.69812711747255, -73.75923519834566)",Small residential,9127477,963000
"11420
(40.67334524268887, -73.81770717164864)",Large residential,108873,11487
"10475
(40.874142343794176, -73.82706856556183)",Residential,9204,971
"10310
(40.632789000212256, -74.11645860538027)",Small residential,5137096,541992
"11369
(40.76341327370369, -73.8723788986672)",Large residential,1688743,178172
"10280
(40.709594512276965, -74.02022453553383)",Commercial,103950,10967
"11369
(40.76341327370369, -73.8723788986672)",Industrial,8824,931
"11432
(40.71311535449007, -73.79282099978928)",Commercial,1277032,134734
"11360
(40.78070133439911, -73.78226733686807)",Commercial,486382,51316
"10314
(40.59649030298516, -74.16599111879503)",Small residential,19041165,2008950
"11692
(40.593133885620375, -73.79540208463845)",Small residential,2194609,231544
"11216
(40.680758670876, -73.94926775090596)",Institutional,1015256,107115
"11378
(40.72145310497689, -73.90854350068196)",Large residential,618419,65247
"10033
(40.85621992920642, -73.94585900019268)",Residential,658126,69436
"11228
(40.61654071408276, -74.0132778473947)",Institutional,278441,29377
"11211
(40.711589765255496, -73.95817675075642)",Large residential,12471511,1315814
"11205
(40.693882095282504, -73.96433450773128)",Large residential,11356025,1198124
"11365
(40.73987184371066, -73.79462153515567)",Residential,4511563,475995
"10025
(40.79685012763133, -73.96372581059762)",Large Residential,3058952,322737
"10466
(40.89080973018497, -73.84600906306775)",Residential,891414,94049
"11411
(40.694293339066405, -73.73568329125084)",Institutional,316866,33431
"10281
(40.71433000042924, -74.0151969997417)",Commercial,37094,3914
"11215
(40.665557251366124, -73.97968153557434)",Institutional,675011,71217
"10022
(40.758630224005685, -73.96809182217982)",Large Residential,98604,10403
"10035
(40.79381703542788, -73.91931750020245)",Commercial,6691182,705957
"11214
(40.604011809897145, -74.0009690001192)",Small residential,12807919,1351307
"11435
(40.70119264912154, -73.80979665579099)",Commercial,79476,8385
"11219
(40.63277295540763, -73.99667681118586)",Commercial,2866327,302414
"10457
(40.84579837129786, -73.89832418681175)",Residential,779330,82224
"10031
(40.82495420507257, -73.9501244360938)",Commercial,3819653,402995
"11414
(40.65817022817356, -73.84496263981396)",Commercial,1151068,121444
"11377
(40.74519376448069, -73.9048471440804)",Residential,74199,7828
"11224
(40.576304656334855, -73.99953200040147)",Institutional,455120,48018
"11426
(40.73704138495202, -73.72415699894628)",Commercial,1716958,181149
"11237
(40.704095739826585, -73.92099423399668)",Small residential,3804248,401369
"11001
(40.72139000494485, -73.70739692842545)",Residential,703063,74177
"11372
(40.75163073936716, -73.88361254528269)",Industrial,48106,5075
"11365
(40.73987184371066, -73.79462153515567)",Large Residential,57283,6044
"10036
(40.75934682719435, -73.989860554421)",Large Residential,395037,41679
"10463
(40.88187196282087, -73.91120748054078)",Commercial,7214349,761154
"11040
(40.74529996182383, -73.6796319322678)",Residential,17466,1843
"11252
(40.60793409418318, -74.02694266727025)",Institutional,301262,31785
"11109
(40.744414792408804, -73.95770234668589)",Commercial,45899,4843
"11217
(40.68231210132245, -73.97956718857483)",Institutional,769153,81150
"10454
(40.805846930091775, -73.91628504651766)",Commercial,2249303,237314
"11234
(40.61636866748006, -73.92773224974349)",Large residential,5240504,552903
"10037
(40.81329776108288, -73.93728252556804)",Commercial,2164822,228401
"10307
(40.508004527487, -74.24211428194849)",Large residential,21125,2229
"11423
(40.71722229567246, -73.7671414999802)",Small residential,5458466,575899
"11101
(40.74570244980828, -73.93866902925225)",Residential,1144993,120803
"11692
(40.593133885620375, -73.79540208463845)",Large residential,983881,103805
"11418
(40.69637041236467, -73.84031024991805)",Institutional,726983,76701
"10307
(40.508004527487, -74.24211428194849)",Institutional,163208,17219
"11691
(40.600614338480966, -73.76256777468302)",Large residential,7229588,762762
"10309
(40.530393118347774, -74.21893861432557)",Institutional,579303,61120
"10004
(40.688827825343935, -74.01911250583743)",Commercial,1726800,182187
"11423
(40.71722229567246, -73.7671414999802)",Institutional,508795,53681
"10458
(40.86260132868841, -73.88479001504714)",Residential,1068746,112759
"11230
(40.62192951023877, -73.96551106018723)",Commercial,2318028,244565
"10473
(40.81773147093071, -73.86053700008245)",Residential,233862,24674
"11372
(40.75163073936716, -73.88361254528269)",Commercial,3234761,341285
"11693
(40.6183036047276, -73.82495531523557)",Commercial,948937,100118
"11434
(40.6769452621142, -73.77530690169215)",Commercial,2955224,311793
"11435
(40.70119264912154, -73.80979665579099)",Industrial,85671,9039
"10310
(40.632789000212256, -74.11645860538027)",Commercial,1837495,193866
"11229
(40.60123350732056, -73.94436854117521)",Commercial,1993920,210370
"10306
(40.56602048965391, -74.11994566905736)",Commercial,1794789,189360
"10475
(40.874142343794176, -73.82706856556183)",Commercial,11525984,1216056
"10022
(40.758630224005685, -73.96809182217982)",Commercial,7987371,842712
"10460
(40.84309034804119, -73.87860282506028)",Residential,1686599,177946
"10069
(40.77825400032191, -73.98854199991331)",Residential,44780,4725
"10454
(40.805846930091775, -73.91628504651766)",Residential,1001876,105704
"10469
(40.86818180274804, -73.84656868779467)",Commercial,8063164,850709
"11357
(40.78628404147537, -73.81123206101074)",Residential,6962862,734621
"11423
(40.71722229567246, -73.7671414999802)",Commercial,23,2
"11102
(40.77152402451418, -73.92643545073543)",Large Residential,79519,8390
"11109
(40.744414792408804, -73.95770234668589)",Residential,175063,18470
"10075
(40.77293949176419, -73.95609016263086)",Commercial,3374658,356045
"11223
(40.596939623165156, -73.97331147204676)",Small residential,14240984,1502504
"10035
(40.79381703542788, -73.91931750020245)",Residential,1478698,156011
"10308
(40.552935295427574, -74.15130275981448)",Small residential,6910394,729085
"11234
(40.61636866748006, -73.92773224974349)",Institutional,1812535,191233
"10021
(40.76920532766377, -73.959183941086)",Commercial,3187154,336263
"11430
(40.64722932617252, -73.78637495254196)",Small residential,9195,970
"10282
(40.71961455706622, -74.01464928293802)",Residential,33268,3510
"10453
(40.852786838341956, -73.91342678431863)",Residential,785354,82859
"11231
(40.6775543117821, -74.00467670436637)",Institutional,346781,36587
"11363
(40.772398418252465, -73.74679788741253)",Residential,1706804,180077
"10301
(40.62678550844453, -74.09611291088208)",Large residential,3780433,398857
"11417
(40.6763637308016, -73.84454275534387)",Industrial,47683,5031
"10014
(40.73358645135369, -74.01019960472792)",Commercial,17212,1816
"11361
(40.76418884813688, -73.77232552860022)",Commercial,1616689,170570
"10303
(40.633032309993155, -74.16834884981955)",Small residential,4136073,436379
"11368
(40.749678220373596, -73.85304068857687)",Institutional,1001098,105621
"10456
(40.8304366800088, -73.9077651995043)",Commercial,14583516,1538643
"11356
(40.7849280967543, -73.84181070040347)",Residential,268003,28276
"10065
(40.76430121303059, -73.96303993544461)",Residential,156086,16468
"11216
(40.680758670876, -73.94926775090596)",Small residential,6780596,715391
"10460
(40.84309034804119, -73.87860282506028)",Commercial,6492444,684989
"11207
(40.670802431187326, -73.89384115004901)",Industrial,1355364,142998
"11355
(40.7512997969481, -73.82147854789662)",Residential,5458878,575942
"11238
(40.67886241346963, -73.9638204696389)",Large residential,9649474,1018074
"11004
(40.74323783435864, -73.71201500019208)",Commercial,2555500,269620
"11252
(40.60793409418318, -74.02694266727025)",Commercial,38852,4099
"10468
(40.869693003729196, -73.89892699248668)",Residential,998166,105312
"11223
(40.596939623165156, -73.97331147204676)",Commercial,2376036,250685
"11356
(40.7849280967543, -73.84181070040347)",Commercial,2415327,254831
"10462
(40.84225833665295, -73.85799663293824)",Large Residential,8264125,871912
"10309
(40.530393118347774, -74.21893861432557)",Small residential,8086128,853132
"10032
(40.83693034905639, -73.94917852197119)",Residential,910692,96083
"10471
(40.90199442310421, -73.9036265005625)",Commercial,1183226,124837
"10021
(40.76920532766377, -73.959183941086)",Residential,2002900,211317
"11232
(40.65451161701759, -74.00003392912248)",Commercial,3285406,346629
"10014
(40.73358645135369, -74.01019960472792)",Commercial,3569148,376565
"10472
(40.829730432513486, -73.87013213139272)",Residential,827862,87344
"10037
(40.81329776108288, -73.93728252556804)",Residential,611811,64549
"11211
(40.711589765255496, -73.95817675075642)",Industrial,1046750,110438
"10027
(40.811549564460904, -73.95290033568193)",Commercial,25473,2688
"10027
(40.811549564460904, -73.95290033568193)",Residential,2542279,268225
"11103
(40.76286893025696, -73.91327185810974)",Large Residential,80092,8450
"11201
(40.69467825879468, -73.98992086835335)",Small residential,3575205,377204
"11378
(40.72145310497689, -73.90854350068196)",Industrial,2809327,296400
"10044
(40.76197648622593, -73.94999967494499)",Commercial,1496982,157940
"10304
(40.59122944258473, -74.1113280000871)",Small residential,8802763,928741
"11411
(40.694293339066405, -73.73568329125084)",Commercial,262173,27661
"11416
(40.68457809700163, -73.8496016684822)",Small residential,5019507,529586
"10028
(40.776344978837756, -73.95296667956859)",Residential,1619890,170908
"11363
(40.772398418252465, -73.74679788741253)",Commercial,538595,56825
"10462
(40.84225833665295, -73.85799663293824)",Residential,2849924,300683
"10280
(40.709594512276965, -74.02022453553383)",Commercial,1396819,147372
"11371
(40.775567374634704, -73.87086549974299)",Industrial,1707,180
"11434
(40.6769452621142, -73.77530690169215)",Commercial,,
"10033
(40.85621992920642, -73.94585900019268)",Residential,628133,66272
"11256
(40.662351000098624, -73.86011500040689)",Institutional,277857,29315
"11377
(40.74519376448069, -73.9048471440804)",Commercial,311084,32821
"10468
(40.869693003729196, -73.89892699248668)",Commercial,4380584,462176
"11363
(40.772398418252465, -73.74679788741253)",Large Residential,40443,4267
"10013
(40.721242188776046, -74.00888900022716)",Commercial,7261765,766157
"10306
(40.56602048965391, -74.11994566905736)",Small residential,13376088,1411252
"11429
(40.70991312049415, -73.73864031609764)",Industrial,150862,15917
"10017
(40.75245652744684, -73.97297648087982)",Residential,168035,17729
"10021
(40.76920532766377, -73.959183941086)",Commercial,6581,694
"11205
(40.693882095282504, -73.96433450773128)",Small residential,3834731,404586
"11212
(40.66279716995348, -73.91298489433734)",Commercial,1796469,189538
"11691
(40.600614338480966, -73.76256777468302)",Small residential,7887704,832197
"11219
(40.63277295540763, -73.99667681118586)",Industrial,3101780,327255
"11365
(40.73987184371066, -73.79462153515567)",Small residential,3378,356
"11435
(40.70119264912154, -73.80979665579099)",Institutional,865115,91274
"10303
(40.633032309993155, -74.16834884981955)",Large residential,1519719,160339
"10023
(40.774536138232236, -73.97994335610099)",Residential,3911782,412715
"11365
(40.73987184371066, -73.79462153515567)",Commercial,1336553,141014
"11220
(40.641184928741495, -74.01676472671073)",Large residential,6756193,712816
"10024
(40.78362556816552, -73.96653900057436)",Commercial,1822842,192320
"11428
(40.721396964798146, -73.74193729726841)",Commercial,19477,2055
"11232
(40.65451161701759, -74.00003392912248)",Large residential,2048639,216143
"11692
(40.593133885620375, -73.79540208463845)",Commercial,777179,81997
"10452
(40.83772426336412, -73.9233322114124)",Large Residential,93786,9895
"10009
(40.72664935898081, -73.97911148500697)",Residential,2516364,265491
"11429
(40.70991312049415, -73.73864031609764)",Institutional,1416594,149459
"11222
(40.72825312178418, -73.94715978319738)",Large residential,3928747,414505
"11379
(40.71679766547993, -73.87933421310339)",Industrial,168135,17739
"10455
(40.813535754971156, -73.9053552520432)",Residential,226661,23914
"11366
(40.72816440726166, -73.79226817393703)",Commercial,1151855,121527
"10462
(40.84225833665295, -73.85799663293824)",Commercial,3712204,391658
"11228
(40.61654071408276, -74.0132778473947)",Commercial,881038,92954
"10029
(40.79161072055837, -73.94403228106489)",Residential,242271,25561
"11214
(40.604011809897145, -74.0009690001192)",Industrial,285392,30110
"11420
(40.67334524268887, -73.81770717164864)",Small residential,9694601,1022835
"10044
(40.76197648622593, -73.94999967494499)",Residential,93171,9830
"11432
(40.71311535449007, -73.79282099978928)",Commercial,1433501,151242
"11362
(40.759074216601846, -73.73430017711144)",Small residential,336,35
"10455
(40.813535754971156, -73.9053552520432)",Large Residential,51911,5477
"11362
(40.759074216601846, -73.73430017711144)",Commercial,647115,68274
"11105
(40.780092072491186, -73.90960650023976)",Residential,3098073,326864
"10456
(40.8304366800088, -73.9077651995043)",Large Residential,161363,17025
"10451
(40.82069640711353, -73.92384136798472)",Residential,259959,27427
"10017
(40.75245652744684, -73.97297648087982)",Residential,23970,2529
"11206
(40.70191201682616, -73.94237919854112)",Industrial,593089,62574
"11206
(40.70191201682616, -73.94237919854112)",Institutional,2486776,262369
"10464
(40.875709096797436, -73.81229725041771)",Commercial,312764,32998
"10472
(40.829730432513486, -73.87013213139272)",Large Residential,17374,1833
"11210
(40.62772226387142, -73.946537919989)",Industrial,63151,6663
"11101
(40.74570244980828, -73.93866902925225)",Commercial,7992026,843203
"10028
(40.776344978837756, -73.95296667956859)",Commercial,1684068,177679
"11104
(40.74489336663561, -73.92054134530679)",Commercial,1399157,147619
"10023
(40.774536138232236, -73.97994335610099)",Commercial,1543305,162827
"11355
(40.7512997969481, -73.82147854789662)",Large Residential,2632163,277708
"11204
(40.619055848049015, -73.98479859887618)",Institutional,892032,94114
"11238
(40.67886241346963, -73.9638204696389)",Industrial,228912,24151
"11419
(40.68871379040917, -73.82288833053201)",Small residential,8591091,906408
"11234
(40.61636866748006, -73.92773224974349)",Industrial,657191,69337
"11220
(40.641184928741495, -74.01676472671073)",Small residential,10755271,1134741
"11426
(40.73704138495202, -73.72415699894628)",Residential,233178,24602
"11210
(40.62772226387142, -73.946537919989)",Institutional,1837588,193876
"11432
(40.71311535449007, -73.79282099978928)",Industrial,106054,11189
"11234
(40.61636866748006, -73.92773224974349)",Small residential,22219097,2344239
"11422
(40.66161349396765, -73.736051726406)",Industrial,13360,1410
"10301
(40.62678550844453, -74.09611291088208)",Industrial,42909,4527
"10471
(40.90199442310421, -73.9036265005625)",Residential,128800,13589
"11221
(40.69128803951145, -73.92761792792498)",Small residential,10226769,1078981
"10039
(40.82668192862815, -73.93777090780111)",Residential,471926,49791
"11430
(40.64722932617252, -73.78637495254196)",Institutional,2611959,275576
"11103
(40.76286893025696, -73.91327185810974)",Commercial,1904692,200956
"11234
(40.61636866748006, -73.92773224974349)",Commercial,6157277,649627
"11236
(40.64002149379695, -73.90112193992553)",Large residential,11489554,1212212
"11368
(40.749678220373596, -73.85304068857687)",Industrial,508926,53695
"10044
(40.76197648622593, -73.94999967494499)",Commercial,234470,24738
"10035
(40.79381703542788, -73.91931750020245)",Large Residential,1531490,161581
"11222
(40.72825312178418, -73.94715978319738)",Commercial,3484625,367647
"10035
(40.79381703542788, -73.91931750020245)",Commercial,2154540,227316
"10455
(40.813535754971156, -73.9053552520432)",Residential,1650436,174130
"10005
(40.7061257920717, -74.00858468583453)",Commercial,382037,40307
"11235
(40.57841410882412, -73.94026000009887)",Institutional,2091533,220668
"10463
(40.88187196282087, -73.91120748054078)",Residential,507053,53497
"11417
(40.6763637308016, -73.84454275534387)",Commercial,777807,82063
"11422
(40.66161349396765, -73.736051726406)",Large residential,149873,15812
"10016
(40.745242969987146, -73.97823298586354)",Large Residential,87331,9214
"11235
(40.57841410882412, -73.94026000009887)",Small residential,9977961,1052731
"11436
(40.67571820912809, -73.79646501494847)",Institutional,220564,23271
"11358
(40.760350968822195, -73.79632645819947)",Commercial,1898565,200309
"11221
(40.69128803951145, -73.92761792792498)",Large residential,8523704,899299
"11430
(40.64722932617252, -73.78637495254196)",Industrial,563052,59405
"11206
(40.70191201682616, -73.94237919854112)",Large residential,22360022,2359108
"11203
(40.649721601170995, -73.93427608567276)",Institutional,7869164,830241
"11233
(40.67813043816926, -73.91977647550391)",Large residential,10673659,1126131
"11223
(40.596939623165156, -73.97331147204676)",Large residential,7349231,775385
"10458
(40.86260132868841, -73.88479001504714)",Residential,1321890,139467
"11101
(40.74570244980828, -73.93866902925225)",Commercial,9475891,999760
"10451
(40.82069640711353, -73.92384136798472)",Commercial,2168883,228829
"10021
(40.76920532766377, -73.959183941086)",Large Residential,180776,19073
"10033
(40.85621992920642, -73.94585900019268)",Large Residential,90934,9594
"11229
(40.60123350732056, -73.94436854117521)",Small residential,12866878,1357528
"11373
(40.73871040256307, -73.87835115518163)",Small residential,10736218,1132731
"11423
(40.71722229567246, -73.7671414999802)",Industrial,194292,20499
"11040
(40.74529996182383, -73.6796319322678)",Large Residential,3364311,354954
"11362
(40.759074216601846, -73.73430017711144)",Residential,2911498,307179
"11370
(40.75935377085989, -73.89184400040028)",Commercial,29295,3091
"10302
(40.63083331110846, -74.13773429869889)",Institutional,644313,67979
"10307
(40.508004527487, -74.24211428194849)",Commercial,359769,37958
"11372
(40.75163073936716, -73.88361254528269)",Small residential,3273710,345395
"10012
(40.72553802086304, -73.99789641059084)",Large Residential,7190053,758591
"10473
(40.81773147093071, -73.86053700008245)",Commercial,8638721,911433
"11218
(40.64322700851966, -73.9764486221062)",Large residential,8839578,932625
"10019
(40.76761164715987, -73.99180550022362)",Commercial,5022063,529856
"10011
(40.74471526669623, -74.00460000028977)",Commercial,1970,208
"11417
(40.6763637308016, -73.84454275534387)",Institutional,196503,20732
"11385
(40.70122489161548, -73.88334858436963)",Large residential,5367560,566308
"10461
(40.846960590359004, -73.840632836736)",Commercial,3657783,385917
"10018
(40.756840774582145, -73.99669149981281)",Commercial,2082396,219704
"10128
(40.781770000585084, -73.95062814906976)",Commercial,2051345,216428
"10021
(40.76920532766377, -73.959183941086)",Residential,185761,19599
"11230
(40.62192951023877, -73.96551106018723)",Industrial,101877,10749
"10282
(40.71961455706622, -74.01464928293802)",Commercial,1704836,179870
"11233
(40.67813043816926, -73.91977647550391)",Small residential,8291426,874792
"11411
(40.694293339066405, -73.73568329125084)",Large residential,45368,4787
"11416
(40.68457809700163, -73.8496016684822)",Industrial,141055,14882
"11360
(40.78070133439911, -73.78226733686807)",Residential,45219,4771
"10038
(40.70935929189784, -74.00307186237649)",Residential,430776,45449
"11433
(40.698104881734935, -73.7875740339145)",Commercial,1531565,161589
"11354
(40.76862022064671, -73.82719028070687)",Small residential,2080,219
"10466
(40.89080973018497, -73.84600906306775)",Large Residential,1382332,145844
"10011
(40.74471526669623, -74.00460000028977)",Commercial,9456458,997709
"11209
(40.62338709723679, -74.03065295347096)",Large residential,10004300,1055510
"10305
(40.596184688172855, -74.07507238488262)",Industrial,1040978,109829
"10020
(40.7594985131459, -73.98007439721562)",Commercial,194595,20531
"11426
(40.73704138495202, -73.72415699894628)",Commercial,529932,55911
"11364
(40.745924680379744, -73.75790275560763)",Large Residential,1201058,126718
"10014
(40.73358645135369, -74.01019960472792)",Commercial,6034243,636646
"11232
(40.65451161701759, -74.00003392912248)",Small residential,2619957,276420
"10308
(40.552935295427574, -74.15130275981448)",Institutional,98774,10421
"11435
(40.70119264912154, -73.80979665579099)",Small residential,6630439,699548
"11414
(40.65817022817356, -73.84496263981396)",Institutional,116362,12277
"11223
(40.596939623165156, -73.97331147204676)",Institutional,1093448,115365
"11223
(40.596939623165156, -73.97331147204676)",Industrial,159925,16873
"11433
(40.698104881734935, -73.7875740339145)",Industrial,2449515,258438
"11435
(40.70119264912154, -73.80979665579099)",Residential,427854,45141
"10014
(40.73358645135369, -74.01019960472792)",Large Residential,182728,19279
"11236
(40.64002149379695, -73.90112193992553)",Small residential,19201617,2025878
"10036
(40.75934682719435, -73.989860554421)",Commercial,7837223,826871
"10459
(40.82552621616202, -73.89313106784448)",Commercial,5960440,628860
"11001
(40.72139000494485, -73.70739692842545)",Residential,53094,5602
"11361
(40.76418884813688, -73.77232552860022)",Residential,4283479,451931
"11206
(40.70191201682616, -73.94237919854112)",Small residential,5252607,554179
"10018
(40.756840774582145, -73.99669149981281)",Residential,21822,2302
"11366
(40.72816440726166, -73.79226817393703)",Commercial,636236,67126
"11358
(40.760350968822195, -73.79632645819947)",Commercial,2357195,248697
"10301
(40.62678550844453, -74.09611291088208)",Small residential,7412235,782032
"10038
(40.70935929189784, -74.00307186237649)",Residential,24457,2580
"11369
(40.76341327370369, -73.8723788986672)",Commercial,1994597,210441
"11226
(40.64650500230408, -73.9571900991437)",Institutional,994926,104970
"11435
(40.70119264912154, -73.80979665579099)",Commercial,160509,16935
"11004
(40.74323783435864, -73.71201500019208)",Residential,1358168,143294
"11429
(40.70991312049415, -73.73864031609764)",Large residential,47307,4991
"10032
(40.83693034905639, -73.94917852197119)",Commercial,4152807,438144
"11208
(40.67401318266229, -73.87206493005243)",Industrial,1481393,156295
"11104
(40.74489336663561, -73.92054134530679)",Large Residential,226694,23917
"11237
(40.704095739826585, -73.92099423399668)",Industrial,2133783,225126
"11239
(40.64949607998017, -73.8655249998788)",Industrial,11771,1242
"10032
(40.83693034905639, -73.94917852197119)",Residential,717065,75654
"11106
(40.761699790013324, -73.9316632529567)",Commercial,4841650,510821
"11104
(40.74489336663561, -73.92054134530679)",Residential,329490,34763
"11213
(40.67122516920625, -73.93644336636822)",Commercial,1724052,181897
"11432
(40.71311535449007, -73.79282099978928)",Large residential,6817221,719255
"10467
(40.8770479121315, -73.87153250082423)",Residential,1242679,131110
"11428
(40.721396964798146, -73.74193729726841)",Industrial,1772,187
"10475
(40.874142343794176, -73.82706856556183)",Residential,359517,37931
"11379
(40.71679766547993, -73.87933421310339)",Institutional,337862,35646
"11356
(40.7849280967543, -73.84181070040347)",Residential,2618017,276215
"11433
(40.698104881734935, -73.7875740339145)",Institutional,1519465,160312
"11213
(40.67122516920625, -73.93644336636822)",Industrial,24515,2586
"11040
(40.74529996182383, -73.6796319322678)",Residential,378066,39888
"11210
(40.62772226387142, -73.946537919989)",Large residential,6310191,665760
"11427
(40.72931057432362, -73.75067602128132)",Institutional,219049,23111
"10453
(40.852786838341956, -73.91342678431863)",Large Residential,1136648,119923
"11364
(40.745924680379744, -73.75790275560763)",Small residential,1463,154
"10301
(40.62678550844453, -74.09611291088208)",Institutional,1244001,131249
"10466
(40.89080973018497, -73.84600906306775)",Commercial,6931173,731278
"10019
(40.76761164715987, -73.99180550022362)",Commercial,2660,281
"10465
(40.827628067581315, -73.82241314135337)",Residential,315919,33331
"10453
(40.852786838341956, -73.91342678431863)",Residential,1591607,167923
"10019
(40.76761164715987, -73.99180550022362)",Residential,124706,13157
"10017
(40.75245652744684, -73.97297648087982)",Large Residential,258733,27298
"11379
(40.71679766547993, -73.87933421310339)",Small residential,6789947,716377
"11208
(40.67401318266229, -73.87206493005243)",Commercial,2729613,287989
"10471
(40.90199442310421, -73.9036265005625)",Large Residential,56954,6009
"11432
(40.71311535449007, -73.79282099978928)",Small residential,5707516,602175
"10475
(40.874142343794176, -73.82706856556183)",Large Residential,16694182,1761330
"11379
(40.71679766547993, -73.87933421310339)",Commercial,1248717,131747
"10002
(40.71612146793143, -73.98583147024613)",Commercial,12107072,1277364
"11422
(40.66161349396765, -73.736051726406)",Institutional,240378,25361
"11385
(40.70122489161548, -73.88334858436963)",Commercial,3526058,372019
"10027
(40.811549564460904, -73.95290033568193)",Commercial,2931338,309273
"10032
(40.83693034905639, -73.94917852197119)",Commercial,1952524,206002
"10031
(40.82495420507257, -73.9501244360938)",Residential,1748720,184500
"10024
(40.78362556816552, -73.96653900057436)",Commercial,5356180,565107
"10005
(40.7061257920717, -74.00858468583453)",Residential,27868,2940
"11423
(40.71722229567246, -73.7671414999802)",Residential,21201,2237
"11365
(40.73987184371066, -73.79462153515567)",Residential,222234,23447
"10312
(40.54295597733653, -74.18037681723627)",Industrial,13482,1422
"11237
(40.704095739826585, -73.92099423399668)",Commercial,2600827,274402
"10034
(40.8706171092922, -73.9242232587963)",Commercial,1521876,160566
"11235
(40.57841410882412, -73.94026000009887)",Large residential,15358828,1620442
"11362
(40.759074216601846, -73.73430017711144)",Residential,85444,9015
"11370
(40.75935377085989, -73.89184400040028)",Residential,24585,2594
"10462
(40.84225833665295, -73.85799663293824)",Residential,700617,73919
"10309
(40.530393118347774, -74.21893861432557)",Large residential,13184,1391
"10465
(40.827628067581315, -73.82241314135337)",Residential,6724287,709450
"10023
(40.774536138232236, -73.97994335610099)",Residential,243744,25716
"11225
(40.66317005855143, -73.95370110911887)",Institutional,1222964,129030
"11215
(40.665557251366124, -73.97968153557434)",Industrial,1488168,157010
"11357
(40.78628404147537, -73.81123206101074)",Commercial,1271449,134145
"10451
(40.82069640711353, -73.92384136798472)",Residential,697652,73606
"11379
(40.71679766547993, -73.87933421310339)",Large residential,659949,69628
"11221
(40.69128803951145, -73.92761792792498)",Commercial,1761754,185875
"10314
(40.59649030298516, -74.16599111879503)",Commercial,42747652,4510117
"11241
(40.69328899958771, -73.99062699983614)",Commercial,184,19
"11432
(40.71311535449007, -73.79282099978928)",Residential,1830443,193122
"10470
(40.90012797192844, -73.8712277502604)",Commercial,841945,88830
"11415
(40.708286075142325, -73.82855612156771)",Commercial,586484,61877
"11215
(40.665557251366124, -73.97968153557434)",Small residential,9903140,1044837
"11212
(40.66279716995348, -73.91298489433734)",Industrial,3623309,382279
"11213
(40.67122516920625, -73.93644336636822)",Large residential,10763716,1135632
"11229
(40.60123350732056, -73.94436854117521)",Industrial,141426,14921
"11219
(40.63277295540763, -73.99667681118586)",Small residential,13366615,1410253
"10467
(40.8770479121315, -73.87153250082423)",Commercial,10790922,1138503
"11371
(40.775567374634704, -73.87086549974299)",Institutional,1065320,112397
"10461
(40.846960590359004, -73.840632836736)",Commercial,313,33
"10002
(40.71612146793143, -73.98583147024613)",Residential,4509087,475734
"11212
(40.66279716995348, -73.91298489433734)",Institutional,1441719,152109
"11222
(40.72825312178418, -73.94715978319738)",Industrial,1309400,138149
"10007
(40.71363051943297, -74.00913138370635)",Residential,605082,63840
"10304
(40.59122944258473, -74.1113280000871)",Commercial,1445743,152534
"11439
(40.721924799390024, -73.79455513281312)",Commercial,3739,395
"11201
(40.69467825879468, -73.98992086835335)",Large residential,18973029,2001761
"10468
(40.869693003729196, -73.89892699248668)",Commercial,3511905,370526
"10468
(40.869693003729196, -73.89892699248668)",Large Residential,2590340,273295
"10456
(40.8304366800088, -73.9077651995043)",Commercial,2957732,312057
"11102
(40.77152402451418, -73.92643545073543)",Commercial,1778170,187607
"10464
(40.875709096797436, -73.81229725041771)",Residential,1094782,115506
"10281
(40.71433000042924, -74.0151969997417)",Commercial,34332,3622
"11434
(40.6769452621142, -73.77530690169215)",Small residential,10076855,1063165
"11217
(40.68231210132245, -73.97956718857483)",Small residential,4615326,486943
"10303
(40.633032309993155, -74.16834884981955)",Commercial,1062619,112112
"11239
(40.64949607998017, -73.8655249998788)",Institutional,274144,28924
"11233
(40.67813043816926, -73.91977647550391)",Institutional,1165816,123000
"10011
(40.74471526669623, -74.00460000028977)",Residential,4029369,425121
"10473
(40.81773147093071, -73.86053700008245)",Commercial,1408773,148633
"11694
(40.57657830564432, -73.85077700055808)",Small residential,4716368,497603
"11366
(40.72816440726166, -73.79226817393703)",Residential,154642,16316
"10475
(40.874142343794176, -73.82706856556183)",Commercial,755111,79668
"11415
(40.708286075142325, -73.82855612156771)",Large residential,3021274,318761
"11435
(40.70119264912154, -73.80979665579099)",Large residential,4902151,517204
"11217
(40.68231210132245, -73.97956718857483)",Industrial,115795,12217
"10022
(40.758630224005685, -73.96809182217982)",Residential,981692,103574
"11412
(40.69812711747255, -73.75923519834566)",Large residential,151333,15966
"11368
(40.749678220373596, -73.85304068857687)",Commercial,978,103
"10310
(40.632789000212256, -74.11645860538027)",Industrial,20001,2110
"11360
(40.78070133439911, -73.78226733686807)",Commercial,2307963,243503
"11101
(40.74570244980828, -73.93866902925225)",Residential,182865,19293
"11363
(40.772398418252465, -73.74679788741253)",Commercial,151243,15957
"10002
(40.71612146793143, -73.98583147024613)",Commercial,4230121,446301
"11367
(40.730323085042414, -73.82610630716033)",Residential,321417,33911
"10463
(40.88187196282087, -73.91120748054078)",Commercial,2174885,229463
"11236
(40.64002149379695, -73.90112193992553)",Institutional,839695,88593
"11419
(40.68871379040917, -73.82288833053201)",Industrial,95925,10121
"11427
(40.72931057432362, -73.75067602128132)",Industrial,14014,1479
"11204
(40.619055848049015, -73.98479859887618)",Small residential,14470621,1526732
"10463
(40.88187196282087, -73.91120748054078)",Commercial,3561,376
"11373
(40.73871040256307, -73.87835115518163)",Commercial,3054489,322266
"10301
(40.62678550844453, -74.09611291088208)",Commercial,2358335,248818
"10026
(40.80305812163505, -73.95334277604826)",Residential,2349135,247847
"11211
(40.711589765255496, -73.95817675075642)",Institutional,1200176,126625
"10471
(40.90199442310421, -73.9036265005625)",Commercial,6866,724
"11418
(40.69637041236467, -73.84031024991805)",Large residential,1398053,147502
"10463
(40.88187196282087, -73.91120748054078)",Residential,1918613,202424
"11226
(40.64650500230408, -73.9571900991437)",Industrial,65835,6946
"10065
(40.76430121303059, -73.96303993544461)",Large Residential,10486338,1106367
"11378
(40.72145310497689, -73.90854350068196)",Small residential,7366479,777205
"10469
(40.86818180274804, -73.84656868779467)",Residential,7945664,838312
"10025
(40.79685012763133, -73.96372581059762)",Commercial,21864,2307
"11423
(40.71722229567246, -73.7671414999802)",Residential,261189,27557
"11209
(40.62338709723679, -74.03065295347096)",Institutional,2102591,221835
"11101
(40.74570244980828, -73.93866902925225)",Large Residential,11435850,1206546
"11361
(40.76418884813688, -73.77232552860022)",Large Residential,446965,47157
"10460
(40.84309034804119, -73.87860282506028)",Large Residential,121201,12787
"11228
(40.61654071408276, -74.0132778473947)",Small residential,9926950,1047349
"11421
(40.69176458756573, -73.85702228584978)",Large residential,1299205,137073
"11203
(40.649721601170995, -73.93427608567276)",Large residential,5413010,571103
"11385
(40.70122489161548, -73.88334858436963)",Institutional,1245917,131451
"11207
(40.670802431187326, -73.89384115004901)",Commercial,3104972,327592
"11419
(40.68871379040917, -73.82288833053201)",Commercial,1174701,123938
"11355
(40.7512997969481, -73.82147854789662)",Commercial,5137322,542016
"11421
(40.69176458756573, -73.85702228584978)",Industrial,22617,2386
"11205
(40.693882095282504, -73.96433450773128)",Industrial,949014,100126
"10312
(40.54295597733653, -74.18037681723627)",Institutional,273950,28903
"10457
(40.84579837129786, -73.89832418681175)",Commercial,5354415,564921
"11412
(40.69812711747255, -73.75923519834566)",Institutional,1496825,157923
"11239
(40.64949607998017, -73.8655249998788)",Commercial,487427,51426
"11414
(40.65817022817356, -73.84496263981396)",Large residential,2790928,294459
"11377
(40.74519376448069, -73.9048471440804)",Commercial,3893626,410799
"11370
(40.75935377085989, -73.89184400040028)",Commercial,1119225,118085
"10474
(40.810882923108466, -73.88235636235618)",Commercial,3122702,329463
"11208
(40.67401318266229, -73.87206493005243)",Small residential,12293703,1297055
"10033
(40.85621992920642, -73.94585900019268)",Commercial,1766048,186328
"10310
(40.632789000212256, -74.11645860538027)",Large residential,1270998,134097
"11354
(40.76862022064671, -73.82719028070687)",Residential,4101823,432765
"10305
(40.596184688172855, -74.07507238488262)",Commercial,1902540,200729
"10311
(40.60754099961747, -74.17105899997284)",Commercial,55290,5833
"11370
(40.75935377085989, -73.89184400040028)",Commercial,84349,8899
"10454
(40.805846930091775, -73.91628504651766)",Residential,151124,15944
"10306
(40.56602048965391, -74.11994566905736)",Large residential,1744540,184059
"10469
(40.86818180274804, -73.84656868779467)",Large Residential,18293,1930
"11366
(40.72816440726166, -73.79226817393703)",Small residential,6521,688
"11418
(40.69637041236467, -73.84031024991805)",Small residential,6229973,657297
"10005
(40.7061257920717, -74.00858468583453)",Commercial,1419854,149803
"11358
(40.760350968822195, -73.79632645819947)",Residential,5983515,631294
"11104
(40.74489336663561, -73.92054134530679)",Residential,1153072,121656
"11237
(40.704095739826585, -73.92099423399668)",Institutional,809265,85382
"11106
(40.761699790013324, -73.9316632529567)",Large Residential,66963,7065
"10035
(40.79381703542788, -73.91931750020245)",Residential,126399,13336
"10036
(40.75934682719435, -73.989860554421)",Residential,1350797,142517
"10311
(40.60754099961747, -74.17105899997284)",Institutional,18255,1926
"11231
(40.6775543117821, -74.00467670436637)",Commercial,3743947,395007
"11224
(40.576304656334855, -73.99953200040147)",Commercial,2484705,262150
"11420
(40.67334524268887, -73.81770717164864)",Industrial,8901,939
"11423
(40.71722229567246, -73.7671414999802)",Commercial,71779,7573
"10024
(40.78362556816552, -73.96653900057436)",Residential,3988908,420852
"11365
(40.73987184371066, -73.79462153515567)",Commercial,5329748,562318
"10304
(40.59122944258473, -74.1113280000871)",Large residential,3415047,360307
"10012
(40.72553802086304, -73.99789641059084)",Commercial,2987748,315224
"10465
(40.827628067581315, -73.82241314135337)",Commercial,1220820,128803
"11103
(40.76286893025696, -73.91327185810974)",Residential,2853904,301103
"10016
(40.745242969987146, -73.97823298586354)",Residential,1501042,158368
"11375
(40.720707263029794, -73.84628429608335)",Institutional,283731,29935
"10456
(40.8304366800088, -73.9077651995043)",Residential,1999484,210957
"10305
(40.596184688172855, -74.07507238488262)",Institutional,8441661,890643
"11427
(40.72931057432362, -73.75067602128132)",Commercial,1165892,123008
"11377
(40.74519376448069, -73.9048471440804)",Industrial,705930,74480
"11207
(40.670802431187326, -73.89384115004901)",Small residential,12107357,1277394
"11377
(40.74519376448069, -73.9048471440804)",Residential,366911,38711
"10308
(40.552935295427574, -74.15130275981448)",Industrial,4178,441
"11430
(40.64722932617252, -73.78637495254196)",Commercial,7251275,765050
"11375
(40.720707263029794, -73.84628429608335)",Large residential,15937171,1681461
"11416
(40.68457809700163, -73.8496016684822)",Institutional,277779,29307
"10010
(40.73914078212147, -73.98289845639863)",Large Residential,212584,22429
"11421
(40.69176458756573, -73.85702228584978)",Commercial,743600,78454
"11231
(40.6775543117821, -74.00467670436637)",Industrial,352339,37174
"11415
(40.708286075142325, -73.82855612156771)",Small residential,1700526,179415
"11436
(40.67571820912809, -73.79646501494847)",Large residential,225350,23776
"11004
(40.74323783435864, -73.71201500019208)",Residential,132722,14003
"11232
(40.65451161701759, -74.00003392912248)",Institutional,1847474,194919
"11374
(40.72646491702238, -73.86148084756303)",Institutional,328460,34654
"11243
(40.685030000034544, -73.97807500016108)",Large residential,201530,21263
"11217
(40.68231210132245, -73.97956718857483)",Commercial,2720173,286993
"10010
(40.73914078212147, -73.98289845639863)",Commercial,2096300,221171
"11433
(40.698104881734935, -73.7875740339145)",Small residential,5792993,611193
"10128
(40.781770000585084, -73.95062814906976)",Commercial,32026,3379
"10308
(40.552935295427574, -74.15130275981448)",Commercial,565006,59611
"10013
(40.721242188776046, -74.00888900022716)",Large Residential,1137066,119967
"10028
(40.776344978837756, -73.95296667956859)",Large Residential,420403,44355
"11216
(40.680758670876, -73.94926775090596)",Industrial,50669,5346
"10302
(40.63083331110846, -74.13773429869889)",Small residential,3521474,371535
"11354
(40.76862022064671, -73.82719028070687)",Large Residential,2040792,215315
"10026
(40.80305812163505, -73.95334277604826)",Residential,148829,15702
"10302
(40.63083331110846, -74.13773429869889)",Industrial,6464,682
"10029
(40.79161072055837, -73.94403228106489)",Commercial,14817079,1563285
"10312
(40.54295597733653, -74.18037681723627)",Commercial,1174629,123930
"11204
(40.619055848049015, -73.98479859887618)",Industrial,162329,17127
"10472
(40.829730432513486, -73.87013213139272)",Commercial,5479605,578129
"11374
(40.72646491702238, -73.86148084756303)",Commercial,1938527,204525
"11209
(40.62338709723679, -74.03065295347096)",Industrial,29677,3131
"11427
(40.72931057432362, -73.75067602128132)",Residential,77967,8226
"10003
(40.73194394755518, -73.98887214913032)",Commercial,5073198,535251
"10028
(40.776344978837756, -73.95296667956859)",Residential,238163,25128
"11359
(40.79159246611948, -73.77693836811113)",Commercial,128,13
"10016
(40.745242969987146, -73.97823298586354)",Commercial,3446607,363636
"11378
(40.72145310497689, -73.90854350068196)",Institutional,3127131,329930
"11238
(40.67886241346963, -73.9638204696389)",Small residential,5094432,537491
"10001
(40.75025902143676, -73.99688630375988)",Commercial,4628579,488341
"10314
(40.59649030298516, -74.16599111879503)",Industrial,441639,46595
"11360
(40.78070133439911, -73.78226733686807)",Commercial,17858,1884
"10128
(40.781770000585084, -73.95062814906976)",Residential,263835,27836
"11356
(40.7849280967543, -73.84181070040347)",Large Residential,11747,1239
"11106
(40.761699790013324, -73.9316632529567)",Residential,350151,36943
"11435
(40.70119264912154, -73.80979665579099)",Residential,6659,703
"11427
(40.72931057432362, -73.75067602128132)",Commercial,141057,14882
"10016
(40.745242969987146, -73.97823298586354)",Residential,111236,11736
"11226
(40.64650500230408, -73.9571900991437)",Small residential,6406707,675943
"11423
(40.71722229567246, -73.7671414999802)",Large residential,1922380,202822
"11219
(40.63277295540763, -73.99667681118586)",Large residential,4862069,512976
"10282
(40.71961455706622, -74.01464928293802)",Commercial,508119,53609
"11224
(40.576304656334855, -73.99953200040147)",Small residential,2671212,281828
"10001
(40.75025902143676, -73.99688630375988)",Large Residential,3616905,381604
"10471
(40.90199442310421, -73.9036265005625)",Residential,2226655,234925
"11225
(40.66317005855143, -73.95370110911887)",Industrial,567743,59900
"11205
(40.693882095282504, -73.96433450773128)",Commercial,4023498,424502
"10314
(40.59649030298516, -74.16599111879503)",Institutional,2294516,242084
"11414
(40.65817022817356, -73.84496263981396)",Small residential,6266456,661146
"11429
(40.70991312049415, -73.73864031609764)",Commercial,717488,75699
"11109
(40.744414792408804, -73.95770234668589)",Commercial,752231,79365
"11216
(40.680758670876, -73.94926775090596)",Commercial,1795793,189466
"11213
(40.67122516920625, -73.93644336636822)",Small residential,5855036,617739
"11426
(40.73704138495202, -73.72415699894628)",Small residential,2754,291
"10037
(40.81329776108288, -73.93728252556804)",Large Residential,4228025,446080
"11367
(40.730323085042414, -73.82610630716033)",Residential,2905831,306581
"10457
(40.84579837129786, -73.89832418681175)",Residential,1697773,179125
"10461
(40.846960590359004, -73.840632836736)",Large Residential,9651221,1018258
"11420
(40.67334524268887, -73.81770717164864)",Commercial,8380985,884241
"10065
(40.76430121303059, -73.96303993544461)",Commercial,13811460,1457186
